﻿<?xml version="1.0" encoding="UTF-8" standalone="yes"?>
<OfficeApp xmlns="http://schemas.microsoft.com/office/appforoffice/1.1" xmlns:xsi="http://www.w3.org/2001/XMLSchema-instance" xmlns:bt="http://schemas.microsoft.com/office/officeappbasictypes/1.0" xmlns:mailappor="http://schemas.microsoft.com/office/mailappversionoverrides/1.0" xsi:type="MailApp">
	<Id>5f72af68-ad23-4877-93aa-bc17ff2bc081</Id>
	<Version>1.0.0.0</Version>
	<ProviderName>Contoso</ProviderName>
	<DefaultLocale>en-US</DefaultLocale>
	<DisplayName DefaultValue="Todoify"/>
	<Description DefaultValue="An addin to manage your ToDoos."/>
	<IconUrl DefaultValue="https://c748-24-207-177-13.ngrok.io/assets/icon-64.png"/>
	<HighResolutionIconUrl DefaultValue="https://c748-24-207-177-13.ngrok.io/assets/icon-128.png"/>
	<SupportUrl DefaultValue="https://www.contoso.com/help"/>
	<AppDomains>
		<AppDomain>https://www.contoso.com</AppDomain>
	</AppDomains>
	<Hosts>
		<Host Name="Mailbox"/>
	</Hosts>
	<Requirements>
		<Sets>
			<Set Name="Mailbox" MinVersion="1.1"/>
		</Sets>
	</Requirements>
	<FormSettings>
		<Form xsi:type="ItemRead">
			<DesktopSettings>
				<SourceLocation DefaultValue="https://c748-24-207-177-13.ngrok.io/taskpane"/>
				<RequestedHeight>250</RequestedHeight>
			</DesktopSettings>
		</Form>
	</FormSettings>
	<Permissions>ReadWriteItem</Permissions>
	<Rule xsi:type="RuleCollection" Mode="Or">
		<Rule xsi:type="ItemIs" ItemType="Message" FormType="Read"/>
	</Rule>
	<DisableEntityHighlighting>false</DisableEntityHighlighting>
	<VersionOverrides xmlns="http://schemas.microsoft.com/office/mailappversionoverrides" xsi:type="VersionOverridesV1_0">
		<Requirements>
			<bt:Sets DefaultMinVersion="1.3">
				<bt:Set Name="Mailbox"/>
			</bt:Sets>
		</Requirements>
		<Hosts>
			<Host xsi:type="MailHost">
				<DesktopFormFactor>
					<FunctionFile resid="Commands.Url"/>
					<ExtensionPoint xsi:type="MessageReadCommandSurface">
						<OfficeTab id="TabDefault">
							<Group id="msgReadGroup">
								<Label resid="GroupLabel"/>
								<Control xsi:type="Button" id="msgReadOpenPaneButton">
									<Label resid="TaskpaneButton.Label"/>
									<Supertip>
										<Title resid="TaskpaneButton.Label"/>
										<Description resid="TaskpaneButton.Tooltip"/>
									</Supertip>
									<Icon>
										<bt:Image size="16" resid="Icon.16x16"/>
										<bt:Image size="32" resid="Icon.32x32"/>
										<bt:Image size="80" resid="Icon.80x80"/>
									</Icon>
									<Action xsi:type="ShowTaskpane">
										<SourceLocation resid="Taskpane.Url"/>
									</Action>
								</Control>
								<!--<Control xsi:type="Button" id="ActionButton">
									<Label resid="ActionButton.Label"/>
									<Supertip>
										<Title resid="ActionButton.Label"/>
										<Description resid="ActionButton.Tooltip"/>
									</Supertip>
									<Icon>
										<bt:Image size="16" resid="Icon.16x16"/>
										<bt:Image size="32" resid="Icon.32x32"/>
										<bt:Image size="80" resid="Icon.80x80"/>
									</Icon>
									<Action xsi:type="ExecuteFunction">
										<FunctionName>action</FunctionName>
									</Action>
								</Control>-->
							</Group>
						</OfficeTab>
					</ExtensionPoint>
				</DesktopFormFactor>
			</Host>
		</Hosts>
		<Resources>
			<bt:Images>
				<bt:Image id="Icon.16x16" DefaultValue="https://c748-24-207-177-13.ngrok.io/assets/icon-16.png"/>
				<bt:Image id="Icon.32x32" DefaultValue="https://c748-24-207-177-13.ngrok.io/assets/icon-32.png"/>
				<bt:Image id="Icon.80x80" DefaultValue="https://c748-24-207-177-13.ngrok.io/assets/icon-80.png"/>
			</bt:Images>
			<bt:Urls>
				<bt:Url id="Commands.Url" DefaultValue="https://c748-24-207-177-13.ngrok.io/commands"/>
				<bt:Url id="Taskpane.Url" DefaultValue="https://c748-24-207-177-13.ngrok.io/outlook"/>
			</bt:Urls>
			<bt:ShortStrings>
				<bt:String id="GroupLabel" DefaultValue="Todoify Add-in"/>
				<bt:String id="TaskpaneButton.Label" DefaultValue="Show ToDoos"/>
				<bt:String id="ActionButton.Label" DefaultValue="Perform an action"/>
			</bt:ShortStrings>
			<bt:LongStrings>
				<bt:String id="TaskpaneButton.Tooltip" DefaultValue="Opens a pane displaying all available properties."/>
				<bt:String id="ActionButton.Tooltip" DefaultValue="Perform an action when clicked."/>
			</bt:LongStrings>
		</Resources>
	</VersionOverrides>
</OfficeApp>