{
    "appName": "TeamsTodoify",
    "projectId": "64f8eb85-c315-44c1-ba57-9254ea4b02d4",
    "version": "2.1.0",
    "components": [
        {
            "name": "teams-tab",
            "hosting": "azure-web-app",
            "deploy": true,
            "provision": true,
            "build": true,
            "folder": ".",
            "sso": true
        },
        {
            "name": "azure-web-app",
            "scenario": "Tab",
            "provision": true,
            "connections": [
                "identity",
                "aad-app",
                "teams-tab"
            ]
        },
        {
            "name": "identity",
            "provision": true
        },
        {
            "name": "aad-app",
            "provision": true,
            "deploy": true
        }
    ],
    "programmingLanguage": "csharp",
    "solutionSettings": {
        "name": "fx-solution-azure",
        "version": "1.0.0",
        "hostType": "Azure",
        "azureResources": [],
        "capabilities": [
            "Tab",
            "TabSSO"
        ],
        "activeResourcePlugins": [
            "fx-resource-local-debug",
            "fx-resource-appstudio",
            "fx-resource-cicd",
            "fx-resource-api-connector",
            "fx-resource-aad-app-for-teams",
            "fx-resource-frontend-hosting",
            "fx-resource-identity"
        ]
    },
    "isFirstTimeOpenProject": false
}